{
  "project_info": {
    "project_number": "311095021846",
    "firebase_url": "https://testest-6e96c-default-rtdb.firebaseio.com",
    "project_id": "testest-6e96c",
    "storage_bucket": "testest-6e96c.appspot.com"
  },
  "client": [
    {
      "client_info": {
        "mobilesdk_app_id": "1:311095021846:android:69ce38d144fb72d0104037",
        "android_client_info": {
          "package_name": "com.example.cdstermproject"
        }
      },
      "oauth_client": [
        {
          "client_id": "311095021846-r2n59pf2toei42r8ao6494dupmk5fmg7.apps.googleusercontent.com",
          "client_type": 3
        }
      ],
      "api_key": [
        {
          "current_key": "AIzaSyDkuxEewp5CW5cHRDozRIU8FovUwYMjOjg"
        }
      ],
      "services": {
        "appinvite_service": {
          "other_platform_oauth_client": [
            {
              "client_id": "311095021846-r2n59pf2toei42r8ao6494dupmk5fmg7.apps.googleusercontent.com",
              "client_type": 3
            }
          ]
        }
      }
    }
  ],
  "configuration_version": "1"
}